{"cameraMode":{"drawMode":0,"name":"Shaded","section":"Shading Mode"},"sceneLighting":false,"audioPlay":false,"sceneViewState":{"showFog":true,"showMaterialUpdate":false,"showSkybox":true,"showFlares":true,"showImageEffects":true,"showParticleSystems":true},"in2DMode":false,"pivot":{"x":512.5775146484375,"y":229.10313415527345,"z":10.44586181640625},"rotation":{"x":-0.12095685303211212,"y":-0.18001589179039002,"z":0.022310713306069375,"w":-0.9759447574615479},"size":108.57112884521485,"orthographic":false}