{"cameraMode":{"drawMode":0,"name":"Shaded","section":"Shading Mode"},"sceneLighting":false,"audioPlay":false,"sceneViewState":{"showFog":true,"showMaterialUpdate":false,"showSkybox":true,"showFlares":true,"showImageEffects":true,"showParticleSystems":true},"in2DMode":false,"pivot":{"x":316.6256408691406,"y":167.38616943359376,"z":0.0},"rotation":{"x":0.07081124186515808,"y":-0.8870621919631958,"z":0.14525815844535829,"w":0.4324520230293274},"size":290.1891174316406,"orthographic":false}